method,split,water_iou,f1,precision,recall,accuracy
All dry,val,0.0,0.0,0.0,0.0,0.8897445025739447
Otsu (S1 VH),val,0.20971065290459887,0.34671208755758093,0.2279026188525264,0.7243038874153389,0.6990552963885935
NDWI > 0 (S2),val,0.6722556110091334,0.8040105909448335,0.9320514036782062,0.7069000113961129,0.9620021458778082
All dry,test,0.0,0.0,0.0,0.0,0.8749302968553421
Otsu (S1 VH),test,0.22891878718192268,0.37255315740898465,0.252056497535891,0.7137774390018161,0.6992998663035077
NDWI > 0 (S2),test,0.7579114766849394,0.8622862831684848,0.9223407741015444,0.8095741360141316,0.9676581795315159
All dry,bolivia,0.0,0.0,0.0,0.0,0.8413900478238656
Otsu (S1 VH),bolivia,0.38411205587225933,0.5550302870965085,0.4079616488355242,0.8679077702346177,0.7792769059370982
NDWI > 0 (S2),bolivia,0.8319915210635698,0.9082918905438534,0.9286821847886242,0.8887777445566127,0.9715333799425692
unet_s1s2,val,0.86498076122651,0.9276028784958114,0.9283149260912861,0.9268919223902338,0.9840478745092629
unet_s1s2,test,0.8542010639224822,0.9213683246577982,0.9505129444990692,0.8939577982316359,0.980916264742937
unet_s1s2,bolivia,0.8246883990514003,0.9039224444898434,0.9515393344981496,0.8608441204403935,0.9709747665034177
unet_s1,val,0.6878030859947951,0.8150276435706388,0.8418568450153827,0.7898556715774229,0.9604713047355902
unet_s1,test,0.6668801770888566,0.8001537078130447,0.8404098128975168,0.7635778950243967,0.9522956332554757
unet_s1,bolivia,0.6931958167469017,0.8188017119942133,0.8043224237128886,0.8338118646452548,0.941466586931165
pixel_mlp_s1s2,val,0.8890068834267207,0.9412426087236199,0.9542559303608846,0.9285794409647812,0.9872176637032529
pixel_mlp_s1s2,test,0.8684823270101978,0.9296125678639697,0.962872409637447,0.898573750604516,0.9829811983184782
pixel_mlp_s1s2,bolivia,0.8137000430105669,0.8972818257862567,0.9682654872214007,0.8359949347497255,0.9696413471580276
unet_s1s2_bce,val,0.863022902315989,0.9264758916738329,0.9275761399774131,0.9253782504061258,0.9838063339118909
unet_s1s2_bce,test,0.8472270835439903,0.9172960824270139,0.9447454894192784,0.8913967143148298,0.9798965919944796
unet_s1s2_bce,bolivia,0.7455611274642082,0.8542366299681424,0.9390543396345713,0.783471543142564,0.9575914066981305
unet_s1s2_noreg,val,0.8678723108497474,0.9292629970567186,0.9350343324802997,0.9235624696941592,0.9844974001865017
unet_s1s2_noreg,test,0.8501542057495494,0.9190090243371125,0.945976442436619,0.8935365365587712,0.9803024920302883
unet_s1s2_noreg,bolivia,0.8033799410154658,0.8909713618785072,0.9583737252807586,0.8324268352738383,0.9676865488185253
unet_s1s2_perchip,val,0.7798271653000476,0.876295384747184,0.8938639230768511,0.8594041396940029,0.9732475803441535
unet_s1s2_perchip,test,0.7551812004325751,0.8605165099152795,0.9103641736734627,0.8158443490727759,0.9669209504318951
unet_s1s2_perchip,bolivia,0.7018292256122681,0.8247939511789387,0.8585870118502218,0.7935602729607074,0.9465258393585357
unet_s2,val,0.864001821317439,0.9270396750007249,0.9402827275815447,0.9141644749631858,0.984134892194893
unet_s2,test,0.8466443203146915,0.9169544031851381,0.9561404473517009,0.8808538713012461,0.9800448566329198
unet_s2,bolivia,0.807775517925412,0.8936679470606045,0.942593920590084,0.8495704210489271,0.9679337753655655
unet_s1s2_seed1,val,0.8585118972722446,0.9238702195367063,0.9299996422592367,0.9178210631456397,0.9833224643349442
unet_s1s2_seed1,test,0.8526365324128928,0.9204574318767322,0.939276589030188,0.9023775759410869,0.9804940858152024
unet_s1s2_seed1,bolivia,0.811079159424868,0.8956860391264585,0.9510609915762928,0.8464046396285465,0.9687302005185129
unet_s1s2_seed2,val,0.8577168940595669,0.9234096936969176,0.9313589109946117,0.9155950223564924,0.9832539243571914
unet_s1s2_seed2,test,0.8552333795134192,0.9219685123795317,0.9434952523171438,0.9014021661657118,0.9809166546565161
unet_s1s2_seed2,bolivia,0.800274764014886,0.8890584704194283,0.9660230106800274,0.8234527243307872,0.9674041038212016
